{"info":{"_postman_id":"18b2f39a-809e-4567-821e-c5baed5e5d06","name":"Collection2","schema":"https://schema.getpostman.com/json/collection/v2.1.0/collection.json"},"item":[{"name":"REGISTER_SUCESSFUL_PREPROD_DDT","event":[{"listen":"test","script":{"id":"9e04dbb5-74c5-4549-97f9-5d21fa5fcab4","exec":["// variant1 notation\r","tests[\"Contains email\"] = responseBody.has(data.email);\r","//variant2 notation\r","tests[\"Containslpassword\"] = responseBody.has(data[\"password\"]);\r","// both variants\r","console.log(\" from DDT file:\\t\" + data.email + \"\\t\" +  data[\"password\"]);\r","\r","pm.test(\"Status code is 201\", function () {\r","    pm.response.to.have.status(201);\r","});"],"type":"text/javascript"}}],"id":"877458ca-9406-4ec3-a2a3-5f7f40f3af02","protocolProfileBehavior":{"disableBodyPruning":true},"request":{"method":"POST","header":[{"key":"Content-Type","value":"application/json","type":"text"}],"body":{"mode":"raw","raw":"{\r\n    \"email\": \"{{email}}\",\r\n    \"password\": \"{{password}}\"\r\n}"},"url":{"raw":"{{host}}/api/register/preprod","host":["{{host}}"],"path":["api","register","preprod"]}},"response":[]}]}