{"info":{"_postman_id":"443eccbf-aac9-4ee8-a57e-1e8298500b18","name":"Collection1","schema":"https://schema.getpostman.com/json/collection/v2.1.0/collection.json"},"item":[{"name":"GET","item":[{"name":"LIST_USERS","event":[{"listen":"test","script":{"id":"c09c163d-8a93-4e20-9246-7fa0009999da","exec":["pm.test(\"Status code is 200\", function () {\r","    pm.response.to.have.status(200);\r","});"],"type":"text/javascript"}}],"id":"4deecf6f-12de-43d4-b421-86c23615597d","protocolProfileBehavior":{"disableBodyPruning":true},"request":{"method":"GET","header":[],"url":{"raw":"{{host}}/api/users?page=2","host":["{{host}}"],"path":["api","users"],"query":[{"key":"page","value":"2"}]}},"response":[]},{"name":"SINGLE_USER","id":"b5823841-2eb8-44b0-89ce-2cd71e01d3f7","protocolProfileBehavior":{"disableBodyPruning":true},"request":{"method":"GET","header":[],"url":{"raw":"{{host}}/api/users/2","host":["{{host}}"],"path":["api","users","2"]}},"response":[]},{"name":"SINGLE_USER_NOT_FOUND","event":[{"listen":"test","script":{"id":"00ecf881-5211-44dc-a9f2-c8826509beb6","exec":["pm.test(\"Status code is 404\", function () {\r","    pm.response.to.have.status(404);\r","});"],"type":"text/javascript"}}],"id":"ee97302f-c5b9-4e46-bbbb-1dd8b9d437b3","protocolProfileBehavior":{"disableBodyPruning":true},"request":{"method":"GET","header":[],"url":{"raw":"{{host}}/api/users/23","host":["{{host}}"],"path":["api","users","23"]}},"response":[]},{"name":"LIST_RESOURCE","event":[{"listen":"test","script":{"id":"7d4f01fd-5e93-4e10-aac4-e65783f73563","exec":["pm.test(\"Status code is 200\", function () {\r","    pm.response.to.have.status(200);\r","});"],"type":"text/javascript"}}],"id":"489e1b85-5a58-4e20-9191-f48f1580c9e0","protocolProfileBehavior":{"disableBodyPruning":true},"request":{"method":"GET","header":[],"url":{"raw":"{{host}}/api/unknown","host":["{{host}}"],"path":["api","unknown"]}},"response":[]},{"name":"DELAYED_RESPONSE","event":[{"listen":"test","script":{"id":"4ba92f4f-5d35-423b-8243-f15d718a099f","exec":["pm.test(\"Status code is 200\", function () {\r","    pm.response.to.have.status(200);\r","});"],"type":"text/javascript"}}],"id":"396943b2-d099-4178-bb35-a9e637666b9d","protocolProfileBehavior":{"disableBodyPruning":true},"request":{"method":"GET","header":[],"url":{"raw":"{{host}}/api/users?delay=3","host":["{{host}}"],"path":["api","users"],"query":[{"key":"delay","value":"3"}]}},"response":[]}],"id":"48d34fd6-68f4-41a0-8cbe-93618041a756"},{"name":"PUT","item":[{"name":"UPDATE","event":[{"listen":"test","script":{"id":"d1799706-c444-48f5-baec-23e7a92c0066","exec":["pm.test(\"Status code is 200\", function () {\r","    pm.response.to.have.status(200);\r","});"],"type":"text/javascript"}}],"id":"f7dc5849-c7ee-4490-85c0-63b592948a71","protocolProfileBehavior":{"disableBodyPruning":true},"request":{"method":"PUT","header":[],"body":{"mode":"raw","raw":"{\r\n    \"name\": \"morpheus\",\r\n    \"job\": \"zion resident\"\r\n}"},"url":{"raw":"{{host}}/api/users/2","host":["{{host}}"],"path":["api","users","2"]}},"response":[]}],"id":"aa6534d4-91f0-4255-afee-283dcacbe0a2"},{"name":"PATCH","item":[{"name":"UPDATE","event":[{"listen":"test","script":{"id":"1ce4c478-ae99-4804-a058-f3b627346bc6","exec":["pm.test(\"Status code is 200\", function () {\r","    pm.response.to.have.status(200);\r","});"],"type":"text/javascript"}}],"id":"a81b472d-2ba1-420d-817f-44577f755924","protocolProfileBehavior":{"disableBodyPruning":true},"request":{"method":"PATCH","header":[{"key":"Content-Type","value":"application/json","type":"text"}],"body":{"mode":"raw","raw":"{\r\n    \"name\": \"morpheus\",\r\n    \"job\": \"zion resident\"\r\n}"},"url":{"raw":"{{host}}/api/users/2","host":["{{host}}"],"path":["api","users","2"]}},"response":[]}],"id":"16304aa5-42e0-479a-8b18-25a3f9d25f8d"},{"name":"DELETE","item":[{"name":"DELETE","event":[{"listen":"test","script":{"id":"508a17fe-ded6-421c-a87d-e27105267a20","exec":["pm.test(\"Status code is 204\", function () {\r","    pm.response.to.have.status(204);\r","});"],"type":"text/javascript"}}],"id":"1a927a32-52cb-4269-82ef-122ed9f330b1","protocolProfileBehavior":{"disableBodyPruning":true},"request":{"method":"DELETE","header":[],"url":{"raw":"{{host}}/api/users/2","host":["{{host}}"],"path":["api","users","2"]}},"response":[]}],"id":"72733fe7-54b7-41e6-a4fe-cf6854d36a30"},{"name":"POST","item":[{"name":"CREATE","event":[{"listen":"test","script":{"id":"ec2b2a70-5ae2-485e-968f-8e043eb2cceb","exec":["pm.test(\"Status code is 201\", function () {\r","    pm.response.to.have.status(201);\r","});"],"type":"text/javascript"}}],"id":"b1bb5621-a3d6-4784-a7ff-3454191590f5","protocolProfileBehavior":{"disableBodyPruning":true},"request":{"method":"POST","header":[{"key":"Content-Type","value":"application/json","type":"text"}],"body":{"mode":"raw","raw":"{\r\n    \"name\": \"morpheus\",\r\n    \"job\": \"leader\"\r\n}"},"url":{"raw":"{{host}}/api/users","host":["{{host}}"],"path":["api","users"]}},"response":[]},{"name":"REGISTER_SUCESSFUL","event":[{"listen":"test","script":{"id":"ee5cc091-5783-4b71-b1c9-96126cb6af44","exec":["pm.test(\"Status code is 200\", function () {\r","    pm.response.to.have.status(200);\r","});"],"type":"text/javascript"}}],"id":"ad9a2864-6bad-48fe-8724-38fdb17efedb","protocolProfileBehavior":{"disableBodyPruning":true},"request":{"method":"POST","header":[{"key":"Content-Type","value":"application/json","type":"text"}],"body":{"mode":"raw","raw":"{\r\n    \"email\": \"eve.holt@reqres.in\",\r\n    \"password\": \"pistol\"\r\n}"},"url":{"raw":"{{host}}/api/register","host":["{{host}}"],"path":["api","register"]}},"response":[]},{"name":"REGISTER_UNSUCESSFUL","event":[{"listen":"test","script":{"id":"267750d4-4790-40ab-b351-adbea4d48418","exec":["pm.test(\"Status code is 400\", function () {\r","    pm.response.to.have.status(400);\r","});\r","var status = pm.response.code;\r","console.log(status);\r",""],"type":"text/javascript"}}],"id":"006e94d8-fbe4-4a3e-ab9c-53dde0898055","protocolProfileBehavior":{"disableBodyPruning":true},"request":{"method":"POST","header":[{"key":"Content-Type","value":"application/json","type":"text"}],"body":{"mode":"raw","raw":"{\r\n    \"email\": \"sydney@fife\"\r\n}"},"url":{"raw":"{{host}}/api/register","host":["{{host}}"],"path":["api","register"]}},"response":[]},{"name":"LOGIN_SUCESSFUL","event":[{"listen":"test","script":{"id":"db627c6c-c624-4632-8854-61138e5b707d","exec":["pm.test(\"Status code is 200\", function () {\r","    pm.response.to.have.status(200);\r","});"],"type":"text/javascript"}}],"id":"1e797b00-dbb6-4cd5-9780-74edf4f4f839","protocolProfileBehavior":{"disableBodyPruning":true},"request":{"method":"POST","header":[{"key":"Content-Type","value":"application/json","type":"text"}],"body":{"mode":"raw","raw":"{\r\n    \"email\": \"eve.holt@reqres.in\",\r\n    \"password\": \"cityslicka\"\r\n}"},"url":{"raw":"{{host}}/api/register","host":["{{host}}"],"path":["api","register"]}},"response":[]},{"name":"LOGIN_UNSUCESSFUL","event":[{"listen":"test","script":{"id":"f9f4ac05-9636-47ac-92d1-4aa584d98a13","exec":["pm.test(\"Status code is 400\", function () {\r","    pm.response.to.have.status(400);\r","});"],"type":"text/javascript"}}],"id":"a6d9577f-fbac-4379-9017-67020d1e74b1","protocolProfileBehavior":{"disableBodyPruning":true},"request":{"method":"POST","header":[{"key":"Content-Type","value":"application/json","type":"text"}],"body":{"mode":"raw","raw":"{\r\n    \"email\": \"sydney@fife\"\r\n}"},"url":{"raw":"{{host}}/api/register","host":["{{host}}"],"path":["api","register"]}},"response":[]}],"id":"98737a67-6ffa-49c0-bd51-a1768a3e6655"},{"name":"SOAP","item":[{"name":"SOAPCapitalCityByCode","id":"10fe2c22-6670-4104-a16d-22c0b7d9695f","protocolProfileBehavior":{"disableBodyPruning":true},"request":{"method":"POST","header":[{"key":"Content-Type","value":"text/xml","type":"text"}],"body":{"mode":"raw","raw":"<Envelope xmlns=\"http://schemas.xmlsoap.org/soap/envelope/\">\r\n    <Body>\r\n        <CapitalCity xmlns=\"http://www.oorsprong.org/websamples.countryinfo\">\r\n            <sCountryISOCode>BY</sCountryISOCode>\r\n        </CapitalCity>\r\n    </Body>\r\n</Envelope>","options":{"raw":{"language":"xml"}}},"url":{"raw":"http://webservices.oorsprong.org/websamples.countryinfo/CountryInfoService.wso?WSDL","protocol":"http","host":["webservices","oorsprong","org"],"path":["websamples.countryinfo","CountryInfoService.wso"],"query":[{"key":"WSDL","value":null}]}},"response":[]},{"name":"SOAPCapitalCityByCode","id":"a519284e-708e-43db-9d76-cf685b88d3b2","protocolProfileBehavior":{"disableBodyPruning":true},"request":{"method":"POST","header":[{"key":"Content-Type","value":"text/xml","type":"text"}],"body":{"mode":"raw","raw":"<Envelope xmlns=\"http://schemas.xmlsoap.org/soap/envelope/\">\r\n    <Body>\r\n        <ListOfCountryNamesByName xmlns=\"http://www.oorsprong.org/websamples.countryinfo\"/>\r\n    </Body>\r\n</Envelope>","options":{"raw":{"language":"xml"}}},"url":{"raw":"http://webservices.oorsprong.org/websamples.countryinfo/CountryInfoService.wso?WSDL","protocol":"http","host":["webservices","oorsprong","org"],"path":["websamples.countryinfo","CountryInfoService.wso"],"query":[{"key":"WSDL","value":null}]}},"response":[]}],"id":"188becbf-2e06-4b06-845c-8e0909c73865"},{"name":"VAR_TRANSFER","item":[{"name":"LIST_USERS_GET_VAR","event":[{"listen":"test","script":{"id":"cbf6b81d-2a03-44d6-8d76-2deddff8b146","exec":["pm.test(\"Status code is 200\", function () {\r","    \r","    console.log(responseBody);\r","    jsondata = JSON.parse(responseBody);\r","    var usrname = jsondata.data[0].first_name;\r","    console.log(usrname);\r","    pm.globals.set(\"username1\", usrname);\r","\r","    pm.response.to.have.status(200);\r","});\r",""],"type":"text/javascript"}}],"id":"8550102b-c499-44d2-9ad7-f74cd747a804","protocolProfileBehavior":{"disableBodyPruning":true},"request":{"method":"GET","header":[],"url":{"raw":"{{host}}/api/users?page=2","host":["{{host}}"],"path":["api","users"],"query":[{"key":"page","value":"2"}]}},"response":[]},{"name":"UPDATE_SET_VAR","event":[{"listen":"test","script":{"id":"282b4a66-a320-4f09-b689-c21f11f9b1b5","exec":["pm.test(\"Status code is 200\", function () {\r","\r","    var usrname = pm.globals.get(\"username1\");\r","    console.log(usrname);\r","    pm.response.to.have.status(200);\r","});"],"type":"text/javascript"}}],"id":"05b629df-463a-4a49-85c5-35ec52a53a4e","protocolProfileBehavior":{"disableBodyPruning":true},"request":{"method":"PUT","header":[],"body":{"mode":"raw","raw":"{\r\n    \"name\": {{username1}},\r\n    \"job\": \"zion resident\"\r\n}"},"url":{"raw":"{{host}}/api/users/2","host":["{{host}}"],"path":["api","users","2"]}},"response":[]}],"id":"ed72d11c-9894-4ff0-8020-32f2c66a42f2"},{"name":"GITHUB_AUTHORISATION","item":[{"name":"CREATE_REPOSITORY","id":"69f32b92-6df6-4d61-ac35-d56942147080","protocolProfileBehavior":{"disableBodyPruning":true},"request":{"auth":{"type":"oauth2","oauth2":[{"key":"addTokenTo","value":"header","type":"string"}]},"method":"POST","header":[],"body":{"mode":"raw","raw":"{\r\n    \"name\": \"_GITHUM_RESTAPI_TEST_001\",\r\n    \"description\": \"This is your first repository\",\r\n    \"homepage\": \"https://github.com\",\r\n    \"private\": false,\r\n    \"has_issues\": true,\r\n    \"has_projects\": true,\r\n    \"has_wiki\": true\r\n}","options":{"raw":{"language":"json"}}},"url":{"raw":"https://api.github.com/user/repos","protocol":"https","host":["api","github","com"],"path":["user","repos"]}},"response":[]}],"id":"a5ac5a8c-b63f-42b4-bccd-556531ad7485"}],"event":[{"listen":"prerequest","script":{"id":"396b74fb-452d-4356-b556-6e3199cd0ed6","type":"text/javascript","exec":["pm.globals.set(\"host\", \"https://reqres.in\");"]}},{"listen":"test","script":{"id":"117415d8-2195-444b-8247-73e10d75a124","type":"text/javascript","exec":[""]}}]}